,Ground Truth BRK-A,Ground Truth BRK-B,Average Prediction BRK-A,Average Prediction BRK-B,Median Prediction BRK-A,Median Prediction BRK-B
0,468711.0,308.899994,464553.16,308.32648,457736.94,302.68372
1,465600.0,308.769989,457275.2,303.51617,450186.56,297.47046
2,517810.0,341.0,486401.25,324.07837,501399.3,334.0354
3,531477.0,350.299988,507668.1,339.02948,520752.8,346.5647
4,542625.0,356.660004,485835.66,324.05536,489163.3,325.76874
