,Ground Truth BRK-A,Ground Truth BRK-B,Average Prediction BRK-A,Average Prediction BRK-B,Median Prediction BRK-A,Median Prediction BRK-B
0,468711.0,308.899994,453133.3,302.0598,444201.2,300.81818
1,465600.0,308.769989,441878.56,294.0572,439943.3,294.07144
2,517810.0,341.0,483997.0,323.21426,491147.7,327.8377
3,531477.0,350.299988,512132.84,342.95862,526949.5,349.28143
4,542625.0,356.660004,485691.8,324.31265,495181.44,329.26727
