,Ground Truth BRK-A,Ground Truth BRK-B,Average Prediction BRK-A,Average Prediction BRK-B,Median Prediction BRK-A,Median Prediction BRK-B
0,468711.0,308.899994,426128.8,285.3133,422868.53,283.565
1,465600.0,308.769989,411727.78,275.09796,406593.84,272.2879
2,517810.0,341.0,453459.7,302.25873,449723.0,297.46216
3,531477.0,350.299988,481354.25,320.744,485981.06,322.8648
4,542625.0,356.660004,454134.56,302.2951,455449.47,300.44604
